FusionId,Valid,ChrUp,PosUp,OrientUp,GeneIdUp,GeneNameUp,StrandUp,JuncTypeUp,CoverageUp,MaxAnchorLengthUp,TransDataUp,ChrDown,PosDown,OrientDown,GeneIdDown,GeneNameDown,StrandDown,JuncTypeDown,CoverageDown,MaxAnchorLengthDown,TransDataDown,SVType,TotalFragments,SplitFrags,RealignedFrags,DiscordantFrags,RelatedSplicedIds,CohortCount,ReadType,InitReadId
Id_18,false,1,120455891,1,,,0,UNKNOWN,520,89,ENST00000256646-34,1,120455951,1,ENSG00000134250,NOTCH2,-1,UNKNOWN,537,64,ENST00000256646-34,INV,2,2,0,0,NONE,0,SuppAlign,A02134:101:HYFHLDRX5:1:2126:29939:2268:CTCGATG+TCAGAAG
Id_30,false,19,15297689,-1,ENSG00000074181,NOTCH3,-1,KNOWN,471,23,ENST00000263388-12;ENST00000601011-12,19,15297715,-1,,,0,CANONICAL,438,85,ENST00000263388-12;ENST00000601011-12,INV,1,1,0,0,NONE,0,SuppAlign,A02134:101:HYFHLDRX5:2:2171:24316:14387:TCGGAGA+CCTATTG
Id_35,false,5,149510066,-1,,,0,UNKNOWN,3,12,ENST00000504875-2;ENST00000286301-3;ENST00000502660-2;ENST00000511344-2;ENST00000543093-2,5,149460552,1,ENSG00000182578,CSF1R,-1,UNKNOWN,2,76,NONE,DEL,2,2,0,0,NONE,0,Split,A02134:101:HYFHLDRX5:1:2121:21070:22232:CTCGATG+GGCATGT
Id_44,false,15,88669561,1,,,0,UNKNOWN,1,57,ENST00000557897-1,15,88669592,1,ENSG00000140538,NTRK3,-1,KNOWN,397,36,ENST00000557897-1,INV,1,1,0,0,NONE,0,SuppAlign,A02134:101:HYFHLDRX5:2:2157:5565:23124:TAGCGTA+CATTGAT
Id_46,false,15,88520784,1,,,0,UNKNOWN,2,56,ENST00000560201-2;ENST00000317501-15,15,88520885,1,ENSG00000140538,NTRK3,-1,UNKNOWN,437,36,ENST00000317501-15,INV,2,2,0,0,NONE,0,SuppAlign,A02134:101:HYFHLDRX5:1:2274:17309:32221:GGCCATA+ACCGTTG
Id_130,false,11,118343705,1,ENSG00000118058,KMT2A,1,UNKNOWN,3,52,ENST00000534358-3;ENST00000531904-4;ENST00000389506-3;ENST00000354520-3,11,118343810,1,,,0,UNKNOWN,978,74,ENST00000534358-3;ENST00000531904-4;ENST00000389506-3;ENST00000354520-3,INV,3,3,0,0,NONE,0,SuppAlign,A02134:101:HYFHLDRX5:2:2105:15971:11083:AATGAGT+TGCCACT
Id_146,false,11,128329733,-1,ENSG00000134954,ETS1,-1,UNKNOWN,785,20,ENST00000345075-7;ENST00000535549-4;ENST00000392668-10,11,128329753,-1,,,0,CANONICAL,2,74,ENST00000345075-7;ENST00000535549-4;ENST00000392668-10,INV,2,2,0,0,NONE,0,SuppAlign,A02134:101:HYFHLDRX5:1:2222:23647:35931:CGAACGT+GATGAAG
Id_155,false,7,13934265,-1,ENSG00000006468,ETV1,-1,CANONICAL,1199,20,ENST00000405358-12;ENST00000405218-13;ENST00000242066-13;ENST00000343495-13;ENST00000420159-9;ENST00000399357-9;ENST00000430479-14;ENST00000405192-12;ENST00000403527-10,7,13934289,-1,,,0,UNKNOWN,1402,86,ENST00000405358-12;ENST00000405218-13;ENST00000242066-13;ENST00000343495-13;ENST00000420159-9;ENST00000399357-9;ENST00000430479-14;ENST00000405192-12;ENST00000403527-10,INV,2,2,0,0,NONE,0,SuppAlign,A02134:101:HYFHLDRX5:2:2277:11035:21261:TGAGCTG+GCTGTCA
Id_160,false,7,13935675,1,,,0,UNKNOWN,2,70,ENST00000405358-12;ENST00000403685-12;ENST00000405218-13;ENST00000242066-13;ENST00000343495-13;ENST00000420159-9;ENST00000399357-9;ENST00000430479-14;ENST00000405192-12;ENST00000443137-15;ENST00000403527-10,7,13946126,1,ENSG00000006468,ETV1,-1,UNKNOWN,1043,39,ENST00000430479-12;ENST00000405192-10;ENST00000405358-10;ENST00000403527-8;ENST00000405218-11;ENST00000443137-13;ENST00000403685-10;ENST00000242066-11;ENST00000343495-11;ENST00000420159-7;ENST00000399357-7;ENST00000472931-8,INV,2,2,0,0,NONE,0,SuppAlign,A02134:101:HYFHLDRX5:1:2255:30038:19695:GCGAATG+TGATAGT
Id_168,false,7,13934829,-1,ENSG00000006468,ETV1,-1,UNKNOWN,2318,77,ENST00000405358-12;ENST00000405218-13;ENST00000242066-13;ENST00000343495-13;ENST00000420159-9;ENST00000399357-9;ENST00000430479-14;ENST00000405192-12;ENST00000403527-10,7,13934934,-1,,,0,UNKNOWN,1195,22,ENST00000405358-12;ENST00000405218-13;ENST00000242066-13;ENST00000343495-13;ENST00000420159-9;ENST00000399357-9;ENST00000430479-14;ENST00000405192-12;ENST00000403527-10,INV,2,2,0,0,NONE,0,SuppAlign,A02134:101:HYFHLDRX5:2:2262:9760:2487:TAGACGC+GCTGTCA
Id_169,false,7,13933642,-1,ENSG00000006468,ETV1,-1,CANONICAL,3022,22,ENST00000405358-12;ENST00000242066-13;ENST00000343495-13;ENST00000420159-9;ENST00000399357-9;ENST00000430479-14;ENST00000405192-12,7,13933665,-1,,,0,UNKNOWN,1,71,ENST00000405358-12;ENST00000242066-13;ENST00000343495-13;ENST00000420159-9;ENST00000399357-9;ENST00000430479-14;ENST00000405192-12,INV,2,1,1,0,NONE,0,SuppAlign,A02134:101:HYFHLDRX5:2:2278:3025:2660:CTCGATG+AATGAGT
Id_170,false,7,13934854,-1,ENSG00000006468,ETV1,-1,UNKNOWN,2430,38,ENST00000405358-12;ENST00000405218-13;ENST00000242066-13;ENST00000343495-13;ENST00000420159-9;ENST00000399357-9;ENST00000430479-14;ENST00000405192-12;ENST00000403527-10,7,13934897,-1,,,0,UNKNOWN,2,86,ENST00000405358-12;ENST00000405218-13;ENST00000242066-13;ENST00000343495-13;ENST00000420159-9;ENST00000399357-9;ENST00000430479-14;ENST00000405192-12;ENST00000403527-10,INV,2,2,0,0,NONE,0,SuppAlign,A02134:101:HYFHLDRX5:2:2212:5141:33223:CCTGTGT+GTGCAAC
Id_171,false,7,13934834,-1,ENSG00000006468,ETV1,-1,UNKNOWN,2345,84,ENST00000405358-12;ENST00000405218-13;ENST00000242066-13;ENST00000343495-13;ENST00000420159-9;ENST00000399357-9;ENST00000430479-14;ENST00000405192-12;ENST00000403527-10,7,13934929,-1,,,0,CANONICAL,1258,31,ENST00000405358-12;ENST00000405218-13;ENST00000242066-13;ENST00000343495-13;ENST00000420159-9;ENST00000399357-9;ENST00000430479-14;ENST00000405192-12;ENST00000403527-10,INV,2,2,0,0,NONE,0,SuppAlign,A02134:101:HYFHLDRX5:1:2263:5186:10567:ACATTCT+CGAACGT
Id_191,false,10,123328350,-1,ENSG00000066468,FGFR2,-1,UNKNOWN,3,25,ENST00000358487-2;ENST00000356226-2;ENST00000369060-2;ENST00000604236-2;ENST00000369059-2;ENST00000346997-1;ENST00000457416-2;ENST00000360144-2;ENST00000369056-1;ENST00000369058-2;ENST00000336553-2;ENST00000490349-2;ENST00000359354-2;ENST00000357555-2;ENST00000369061-1;ENST00000351936-2,11,118394845,1,,,0,UNKNOWN,1030,69,ENST00000534358-36;ENST00000354520-35,BND,2,2,0,0,NONE,0,SuppAlign,A02134:101:HYFHLDRX5:1:2174:4273:34945:CGAACGT+TACTCAT
Id_190,false,5,149502605,-1,ENSG00000113721,PDGFRB,-1,KNOWN,364,48,ENST00000261799-15;ENST00000520579-15,11,128642714,1,,,0,CANONICAL,62,45,ENST00000527786-4;ENST00000429175-5;ENST00000534087-5;ENST00000344954-4;ENST00000281428-3;ENST00000527767-3;ENST00000527786-3;ENST00000429175-4;ENST00000534087-4;ENST00000344954-3;ENST00000281428-2,BND,1,1,0,0,NONE,0,SuppAlign,A02134:101:HYFHLDRX5:1:2103:3007:28056:TTGAACA+AAGACAT
Id_229,false,4,55163081,1,ENSG00000134853,PDGFRA,1,UNKNOWN,2,71,ENST00000257290-23,4,55163105,1,,,0,UNKNOWN,4624,69,ENST00000257290-23,INV,2,2,0,0,NONE,0,SuppAlign,A02134:101:HYFHLDRX5:1:2218:25310:5368:AGAGACG+ACGAGCA
Id_247,false,4,55162509,1,ENSG00000134853,PDGFRA,1,UNKNOWN,2,73,ENST00000257290-23,4,55162530,1,,,0,UNKNOWN,2232,21,ENST00000257290-23,INV,2,2,0,0,NONE,0,SuppAlign,A02134:101:HYFHLDRX5:2:2148:8748:5243:TGTCATG+TACATAG
Id_272,true,19,15271186,-1,ENSG00000074181,NOTCH3,-1,UNKNOWN,1,82,ENST00000263388-33,4,55155056,-1,ENSG00000134853,PDGFRA,1,UNKNOWN,1733,10,ENST00000257290-20,BND,2,1,1,0,NONE,0,SuppAlign,A02134:101:HYFHLDRX5:1:2129:3947:33473:ACATTCT+AGAATAG
Id_285,false,7,116436706,1,ENSG00000105976,MET,1,UNKNOWN,2,92,ENST00000397752-21,7,116436764,1,,,0,CANONICAL,4311,53,ENST00000397752-21,INV,2,2,0,0,NONE,0,SuppAlign,A02134:101:HYFHLDRX5:1:2127:22806:36636:GGCCATA+TTGTGAC
Id_287,false,7,116437208,1,ENSG00000105976,MET,1,UNKNOWN,2,42,ENST00000397752-21,7,116437292,1,,,0,UNKNOWN,3326,93,ENST00000397752-21,INV,2,2,0,0,NONE,0,SuppAlign,A02134:101:HYFHLDRX5:1:2175:30327:19852:GAACGAG+GCGAATG
Id_292,false,7,116437772,1,ENSG00000105976,MET,1,CANONICAL,2,43,ENST00000397752-21,7,116437866,1,,,0,UNKNOWN,4380,91,ENST00000397752-21,INV,2,2,0,0,NONE,0,SuppAlign,A02134:101:HYFHLDRX5:2:2135:19678:26835:TATGGCA+CTAGTTA
Id_302,false,7,116436778,1,ENSG00000105976,MET,1,UNKNOWN,2,67,ENST00000397752-21,7,116436809,1,,,0,CANONICAL,2675,28,ENST00000397752-21,INV,2,2,0,0,NONE,0,SuppAlign,A02134:101:HYFHLDRX5:2:2109:12572:1000:ANCTAAC+AGAATAG
Id_326,false,7,116436714,1,ENSG00000105976,MET,1,UNKNOWN,2,87,ENST00000397752-21,7,116436756,1,,,0,UNKNOWN,4354,39,ENST00000397752-21,INV,2,2,0,0,NONE,0,SuppAlign,A02134:101:HYFHLDRX5:1:2231:21685:4351:GAACGAG+TCAACTC
Id_331,false,7,116380929,1,ENSG00000105976,MET,1,UNKNOWN,3576,92,ENST00000397752-4;ENST00000318493-4;ENST00000495962-4;ENST00000436117-3;ENST00000397752-5;ENST00000318493-5;ENST00000495962-5;ENST00000436117-4,7,116380963,1,,,0,CANONICAL,3955,34,ENST00000397752-5;ENST00000318493-5;ENST00000495962-5;ENST00000436117-4,INV,2,2,0,0,NONE,0,SuppAlign,A02134:101:HYFHLDRX5:1:2123:13313:13244:GCTGTCA+CAGTAGT
Id_358,false,7,116339294,-1,,,0,UNKNOWN,4499,45,ENST00000436117-1;ENST00000397752-2;ENST00000318493-2;ENST00000456159-3,19,41726541,-1,ENSG00000167601,AXL,1,KNOWN,1,48,ENST00000301178-2;ENST00000359092-2;ENST00000599659-2;ENST00000594880-2,BND,1,1,0,0,NONE,0,SuppAlign,A02134:101:HYFHLDRX5:1:2107:2808:14497:CCTCATA+GCTGTCA
Id_364,false,7,116339716,-1,,,0,UNKNOWN,4521,75,ENST00000436117-1;ENST00000397752-2;ENST00000318493-2,8,31646383,-1,ENSG00000157168,NRG1,1,UNKNOWN,1,18,ENST00000518104-1;ENST00000519301-1;ENST00000520407-1;ENST00000523534-1,BND,2,1,1,0,NONE,0,SuppAlign,A02134:101:HYFHLDRX5:2:2176:28013:19727:GGCATGT+TAGACGC
